{
  "lang": "en",
  "img_path": "./img",
  "nfipTabs": [
    {
      "title": "Lower",
      "id": "lower",
      "image": "",
      "tabcolor": "bg-nfip-yellow-20",
      "content": "<p>Indicative copy what does VERY HIGH Risk Flood Level mean and what affects it. While flood insurance is not required for properties in these areas, this new designation only means that the risk for flooding is reduced — not removed. 20-25 percent of all flood claims occur in low- to moderate-risk areas. Flood insurance is still an important safeguard for those in areas of low to moderate risk, and lower cost options are available.</p>",
      "cta": []
    },
    {
      "title": "Moderate",
      "id": "moderate",
      "image": "",
      "tabcolor": "bg-nfip-yellow",
      "content": "<p>Vestibulum ante ipsum primis in faucibus orci luctus et ultrices posuere cubilia Curae; Sed aliquam, nisi quis porttitor congue, elit erat euismod orci, ac placerat dolor lectus quis orci. Nunc interdum lacus sit amet orci. Suspendisse enim turpis, dictum sed, iaculis a, condimentum nec, nisi. Praesent metus tellus, elementum eu, semper a, adipiscing nec, purus. Morbi nec metus.</p>"
    },
    {
      "title": "High",
      "id": "high",
      "image": "",
      "tabcolor": "bg-nfip-orange",
      "content": "<p>Indicative copy what does VERY HIGH Risk Flood Level mean and what affects it. While flood insurance is not required for properties in these areas, this new designation only means that the risk for flooding is reduced — not removed. 20-25 percent of all flood claims occur in low- to moderate-risk areas. Flood insurance is still an important safeguard for those in areas of low to moderate risk, and lower cost options are available.</p>"
    },
    {
      "title": "Very High",
      "id": "veryhigh",
      "image": "",
      "tabcolor": "bg-secondary-light",
      "content": "<p>Indicative copy what does VERY HIGH Risk Flood Level mean and what affects it. While flood insurance is not required for properties in these areas, this new designation only means that the risk for flooding is reduced — not removed. 20-25 percent of all flood claims occur in low- to moderate-risk areas. Flood insurance is still an important safeguard for those in areas of low to moderate risk, and lower cost options are available.</p>"
    }
  ],
  "quote": {
    "heading": "What Is Your Flood Risk?",
    "heading_level": "h1",
    "text": "Most homeowners' insurance excludes flood damage, making flood insurance essential regardless of your risk zone. Even in low or moderate risk area, your chances of flood in 30 years are 5x higher than home fire.",
    "cta": {}
  },
  "cards": [
    {
      "title": "98%",
      "subhead": "",
      "media": false,
      "container_classes": "text-white usa-dark-background bg-primary-darker font-family-sans text-center padding-top-205 padding-bottom-205",
      "content": "of all counties in the U.S. have experienced flooding.",
      "cta": false
    },
    {
      "title": "40%",
      "subhead": "",
      "media": false,
      "container_classes": "text-white usa-dark-background bg-primary-dark font-family-sans text-center padding-top-205 padding-bottom-205",
      "content": "Over 40% of NFIP claims are outside the high risk mandatory zone.",
      "cta": false
    },
    {
      "title": "$65K",
      "subhead": "",
      "media": false,
      "container_classes": "text-white usa-dark-background bg-primary-darker font-family-sans text-center padding-top-205 padding-bottom-205",
      "content": "Policy holders are awarded $68K per claim, on average",
      "cta": false
    }
  ],
  "form_placeholder": "Enter your zip code",
  "form_button_text": "Discover Your Risk",
  "more_info": [
    {
      "title": "Protect Yourself Today",
      "container_classes": "",
      "media": false,
      "body_overrides": "",
      "content": "Use our Insurance Provider Locator to contact an agent today. ",
      "cta": {
        "link": "https://www.floodsmart.gov/flood-insurance-provider",
        "link_target": "",
        "button_label": "Read More",
        "button_type": "secondary",
        "button_inverse": false,
        "button_alignment": "left",
        "aria_label": "Find a flood insurance provider"
      },
      "full_card_link": true
    },
    {
      "title": "Steps to Prepare for Flooding",
      "container_classes": "",
      "media": false,
      "body_overrides": "",
      "content": "Take steps to protect your home, family and financial security.",
      "cta": {
        "link": "https://www.floodsmart.gov/first-prepare-flooding",
        "link_target": "",
        "button_label": "Read More",
        "button_type": "secondary",
        "button_inverse": false,
        "button_alignment": "left",
        "aria_label": "How to Prepare for a Flood and Minimize Losses"
      },
      "full_card_link": true
    },
    {
      "title": "How Can I Pay Less?",
      "container_classes": "",
      "media": false,
      "body_overrides": "",
      "content": "Use the NFIP’s Mitigation Discount Tool to see how you could save.",
      "cta": {
        "link": "https://www.floodsmart.gov/flood-insurance-mitigation-discount-tool",
        "link_target": "",
        "button_label": "Read More",
        "button_type": "secondary",
        "button_inverse": false,
        "button_alignment": "left",
        "aria_label": "Flood Insurance Mitigation Discount Tool"
      },
      "full_card_link": true
    }
  ]
}
